<?xml version="1.0" encoding="UTF-8"?>
<beans xmlns="http://www.springframework.org/schema/beans"
	xmlns:xsi="http://www.w3.org/2001/XMLSchema-instance" 
	xmlns:context="http://www.springframework.org/schema/context"
	xmlns:mvc="http://www.springframework.org/schema/mvc"
	xsi:schemaLocation="
		http://www.springframework.org/schema/beans
    	http://www.springframework.org/schema/beans/spring-beans.xsd
    	http://www.springframework.org/schema/context
    	http://www.springframework.org/schema/context/spring-context.xsd
    	http://www.springframework.org/schema/mvc
        http://www.springframework.org/schema/mvc/spring-mvc.xsd">

	<!--  Add support for component scanning -->
	<context:component-scan base-package="com.greatlearning.library" />

	
	<!--  Define Spring MVC view resolver -->
	
	
	<bean
		class="org.springframework.web.servlet.view.InternalResourceViewResolver">
		  <property name="prefix" value="/WEB-INF/views/" />
		  <property name="suffix" value=".jsp" />
	</bean>
	
	<!--  
	<bean
		class="org.springframework.jdbc.datasource.DriveManagerDataSource"
		id="dataSource">
		<property name="driverCalssName"
			value="com.mysql.jdbc.Driver"></property>
		<property name="url" value="jdbc:mysql://localhost:3306/Library"></property>
		<property name="username" value="root"></property>
		<property name="password" value="vikas12345@"></property>
	</bean>
	
	<bean id="sessionFactory"	
		class="org.springframework.orm.hibernate5.LocalSessionFactoryBean">
		<property name="dataSource" ref="dataSource"></property>
		<property name="annotatedClass">
				<list>
						<value>com.greatlearning.library.entity.Book</value>
				</list>
		</property>
		<property name="hibernateProperties">
			<props>
				<prop key="hibernate.dialect">org.hibernate.dialect.MySQL8Dialect</prop>
				<prop key="hibernate.show_sql">true</prop>
				<prop key="hibernate.hbm2ddl.auto" >update</prop>
			</props>
		</property>
	</bean>
	
	<bean id="myTransectionManageer"
		class="org.springframework.orm.hibernate5.HibernateTransectionManager">
		<property name="sessionFactory" ref="sessionFactory"/>
	</bean>
	-->
</beans>





