<?xml version="1.0" encoding="UTF-8"?>
<beans xmlns="http://www.springframework.org/schema/beans"
	xmlns:xsi="http://www.w3.org/2001/XMLSchema-instance"
	xmlns:context="http://www.springframework.org/schema/context"
	xmlns:mvc="http://www.springframework.org/schema/mvc"
	xsi:schemaLocation="
		http://www.springframework.org/schema/beans
    	http://www.springframework.org/schema/beans/spring-beans.xsd
    	http://www.springframework.org/schema/context
    	http://www.springframework.org/schema/context/spring-context.xsd
    	http://www.springframework.org/schema/mvc
        http://www.springframework.org/schema/mvc/spring-mvc.xsd">
	<context:component-scan
		base-package="com.greatlearning.library" />
	<bean
		class="org.springframework.web.servlet.view.InternalResourceViewResolver"
		id="jspViewResolver">
		<property name="viewClass"
			value="org.springframework.web.servlet.view.JstlView" />
		<property name="prefix" value="/WEB-INF/view/" ></property>
		<property name="suffix" value=".jsp" ></property>
	</bean>
<!-- <bean
		class="org.sprinframework.jdbc.datasource.DriverManagerDataSource"
		id="datasource">
		<property name="url" value="jdbc:mysql://localhost:3306/sys"></property>
		<property name="username" value="root"></property>
		<property name="password" value="Bibhuti@1998"></property>

	</bean>
	<bean id="sessionFactory"
		class="org.springframework.orm.hibernate5.LocalSessionFactoryBean">
		<property name="datasource" ref="datasource"></property>
		<property name="annotatedClasses">
			<list>
				<value>com.greatlearning.enity.Book</value>
			</list>
		</property>
		<property name="hibernateProperties">
			<props>
				<prop key="hibernate.dialect">org.hibernate.Mysql8dialect</prop>
				<prop key="hibernate">true</prop>
				<prop key="hibernate.show.sql">true</prop>
				<prop key="hibernate.hbm2ddl.auto">update</prop>
			</props>
		</property>
	</bean>
	<bean id="myTransactionManager"
		class="org.springframework.orm.hibernate5.HibernateTransactionManager">
		<property name="sessionFactory" ref="sessionFactory" />
	</bean>
 -->	
</beans>